defined_class	defined_class_label	taxon	taxon_label	source
GO:0000131	incipient cellular bud site	NCBITaxon:4895	Schizosaccharomyces	
GO:0000795	synaptonemal complex	NCBITaxon:4896	Schizosaccharomyces pombe	
GO:0000804	W chromosome	NCBITaxon:40674	Mammalia	
GO:0000805	X chromosome	NCBITaxon:8782	Aves	
GO:0000806	Y chromosome	NCBITaxon:8782	Aves	
GO:0000807	Z chromosome	NCBITaxon:40674	Mammalia	
GO:0000918	division septum site selection	NCBITaxon:4896	Schizosaccharomyces pombe	
GO:0000920	septum digestion after cytokinesis	NCBITaxon:33208	Metazoa	
GO:0000920	septum digestion after cytokinesis	NCBITaxon:554915	Amoebozoa	
GO:0001072	transcription antitermination factor activity, RNA binding	NCBITaxon:2759	Eukaryota	
GO:0001508	action potential	NCBITaxon:4895	Schizosaccharomyces	
GO:0001626	nociceptin receptor activity	NCBITaxon:4751	Fungi	
GO:0001741	XY body	NCBITaxon:8782	Aves	
GO:0001846	opsonin binding	NCBITaxon:4751	Fungi	
GO:0001848	complement binding	NCBITaxon:4751	Fungi	
GO:0001863	collectin receptor activity	NCBITaxon:4751	Fungi	
GO:0001896	autolysis	NCBITaxon:33208	Metazoa	
GO:0001968	fibronectin binding	NCBITaxon:4895	Schizosaccharomyces	
GO:0001968	fibronectin binding	NCBITaxon:4932	Saccharomyces cerevisiae	
GO:0002030	inhibitory G protein-coupled receptor phosphorylation	NCBITaxon:4751	Fungi	
GO:0002039	p53 binding	NCBITaxon:4751	Fungi	
GO:0002046	opsin binding	NCBITaxon:4751	Fungi	
GO:0002086	diaphragm contraction	NCBITaxon:8782	Aves	
GO:0002102	podosome	NCBITaxon:4751	Fungi	
GO:0002162	dystroglycan binding	NCBITaxon:4751	Fungi	
GO:0002376	immune system process	NCBITaxon:4895	Schizosaccharomyces	
GO:0003146	heart jogging	NCBITaxon:40674	Mammalia	
GO:0003341	cilium movement	NCBITaxon:3176	Zygnematales	
GO:0003341	cilium movement	NCBITaxon:3312	Coniferophyta	
GO:0003341	cilium movement	NCBITaxon:3378	Gnetales	
GO:0003341	cilium movement	NCBITaxon:3398	Magnoliophyta	
GO:0003341	cilium movement	NCBITaxon:4890	Ascomycota	
GO:0003341	cilium movement	NCBITaxon:5782	Dictyostelium	
GO:0003713	transcription coactivator activity	NCBITaxon:2	Bacteria	
GO:0004169	dolichyl-phosphate-mannose-protein mannosyltransferase activity	NCBITaxon:33090	Viridiplantae	
GO:0004925	prolactin receptor activity	NCBITaxon:4751	Fungi	
GO:0005055	laminin receptor activity	NCBITaxon:4751	Fungi	
GO:0005663	DNA replication factor C complex	NCBITaxon:2	Bacteria	
GO:0005722	beta-heterochromatin	NCBITaxon:4751	Fungi	
GO:0005723	alpha-heterochromatin	NCBITaxon:4751	Fungi	
GO:0005747	mitochondrial respiratory chain complex I	NCBITaxon:4895	Schizosaccharomyces	
GO:0005747	mitochondrial respiratory chain complex I	NCBITaxon:4930	Saccharomyces	
GO:0005813	centrosome	NCBITaxon:27896	Planariidae	
GO:0005813	centrosome	NCBITaxon:33090	Viridiplantae	
GO:0005813	centrosome	NCBITaxon:4751	Fungi	
GO:0005929	cilium	NCBITaxon:3176	Zygnematales	
GO:0005929	cilium	NCBITaxon:3312	Coniferophyta	
GO:0005929	cilium	NCBITaxon:3378	Gnetales	
GO:0005929	cilium	NCBITaxon:3398	Magnoliophyta	
GO:0005929	cilium	NCBITaxon:4890	Ascomycota	
GO:0005929	cilium	NCBITaxon:5782	Dictyostelium	
GO:0005933	cellular bud	NCBITaxon:4895	Schizosaccharomyces	
GO:0006306	DNA methylation	NCBITaxon:4895	Schizosaccharomyces	
GO:0006306	DNA methylation	NCBITaxon:4930	Saccharomyces	
GO:0006398	mRNA 3'-end processing by stem-loop binding and cleavage	NCBITaxon:4890	Ascomycota	
GO:0006691	leukotriene metabolic process	NCBITaxon:4751	Fungi	
GO:0006909	phagocytosis	NCBITaxon:4751	Fungi	
GO:0007086	vesicle fusion with nuclear membrane involved in mitotic nuclear envelope reassembly	NCBITaxon:4751	Fungi	
GO:0007098	centrosome cycle	NCBITaxon:27896	Planariidae	
GO:0007098	centrosome cycle	NCBITaxon:33090	Viridiplantae	
GO:0007098	centrosome cycle	NCBITaxon:4751	Fungi	
GO:0007140	male meiotic nuclear division	NCBITaxon:4751	Fungi	
GO:0007143	female meiotic nuclear division	NCBITaxon:4751	Fungi	
GO:0007159	leukocyte cell-cell adhesion	NCBITaxon:33090	Viridiplantae	
GO:0007159	leukocyte cell-cell adhesion	NCBITaxon:Union_0000023	Fungi or Bacteria or Archaea	
GO:0007218	neuropeptide signaling pathway	NCBITaxon:4751	Fungi	
GO:0007252	I-kappaB phosphorylation	NCBITaxon:4751	Fungi	
GO:0007258	JUN phosphorylation	NCBITaxon:4895	Schizosaccharomyces	
GO:0007276	gamete generation	NCBITaxon:Union_0000023	Fungi or Bacteria or Archaea	
GO:0007540	sex determination, establishment of X:A ratio	NCBITaxon:8782	Aves	
GO:0008013	beta-catenin binding	NCBITaxon:4751	Fungi	
GO:0008188	neuropeptide receptor activity	NCBITaxon:4751	Fungi	
GO:0008203	cholesterol metabolic process	NCBITaxon:4895	Schizosaccharomyces	
GO:0008203	cholesterol metabolic process	NCBITaxon:4930	Saccharomyces	
GO:0008283	cell proliferation	NCBITaxon:4751	Fungi	
GO:0008284	positive regulation of cell proliferation	NCBITaxon:4751	Fungi	
GO:0008285	negative regulation of cell proliferation	NCBITaxon:4751	Fungi	
GO:0008544	epidermis development	NCBITaxon:33090	Viridiplantae	
GO:0008585	female gonad development	NCBITaxon:3398	Magnoliophyta	
GO:0008616	queuosine biosynthetic process	NCBITaxon:2759	Eukaryota	
GO:0009008	DNA-methyltransferase activity	NCBITaxon:4896	Schizosaccharomyces pombe	
GO:0009047	dosage compensation by hyperactivation of X chromosome	NCBITaxon:8782	Aves	
GO:0009048	dosage compensation by inactivation of X chromosome	NCBITaxon:8782	Aves	
GO:0009292	genetic transfer	NCBITaxon:33208	Metazoa	
GO:0009432	SOS response	NCBITaxon:2759	Eukaryota	
GO:0009507	chloroplast	NCBITaxon:28009	Choanoflagellida	PMID:21311032
GO:0009507	chloroplast	NCBITaxon:33208	Metazoa	PMID:21311032
GO:0009507	chloroplast	NCBITaxon:4751	Fungi	PMID:21311032
GO:0009507	chloroplast	NCBITaxon:554915	Amoebozoa	PMID:21311032
GO:0009536	plastid	NCBITaxon:2	Bacteria	
GO:0009536	plastid	NCBITaxon:2157	Archaea	
GO:0009536	plastid	NCBITaxon:28009	Choanoflagellida	PMID:21311032
GO:0009536	plastid	NCBITaxon:33208	Metazoa	PMID:21311032
GO:0009536	plastid	NCBITaxon:4751	Fungi	PMID:21311032
GO:0009536	plastid	NCBITaxon:554915	Amoebozoa	PMID:21311032
GO:0009579	thylakoid	NCBITaxon:33208	Metazoa	
GO:0009657	plastid organization	NCBITaxon:28009	Choanoflagellida	PMID:21311032
GO:0009657	plastid organization	NCBITaxon:33208	Metazoa	PMID:21311032
GO:0009657	plastid organization	NCBITaxon:4751	Fungi	PMID:21311032
GO:0009657	plastid organization	NCBITaxon:554915	Amoebozoa	PMID:21311032
GO:0009777	photosynthetic phosphorylation	NCBITaxon:33208	Metazoa	
GO:0009780	photosynthetic NADP+ reduction	NCBITaxon:33208	Metazoa	
GO:0009888	tissue development	NCBITaxon:147554	Schizosaccharomycetes	
GO:0009888	tissue development	NCBITaxon:33630	Alveolata	
GO:0009888	tissue development	NCBITaxon:33682	Euglenozoa	
GO:0009888	tissue development	NCBITaxon:38254	Glaucocystophyceae	
GO:0009888	tissue development	NCBITaxon:4891	Saccharomycetes	
GO:0010166	wax metabolic process	NCBITaxon:4895	Schizosaccharomyces	
GO:0010191	mucilage metabolic process	NCBITaxon:4895	Schizosaccharomyces	
GO:0010205	photoinhibition	NCBITaxon:33208	Metazoa	
GO:0010206	photosystem II repair	NCBITaxon:33208	Metazoa	
GO:0010380	regulation of chlorophyll biosynthetic process	NCBITaxon:33208	Metazoa	
GO:0010381	peroxisome-chloroplast membrane tethering	NCBITaxon:28009	Choanoflagellida	
GO:0010381	peroxisome-chloroplast membrane tethering	NCBITaxon:33208	Metazoa	
GO:0010381	peroxisome-chloroplast membrane tethering	NCBITaxon:4751	Fungi	
GO:0010381	peroxisome-chloroplast membrane tethering	NCBITaxon:554915	Amoebozoa	
GO:0010436	carotenoid dioxygenase activity	NCBITaxon:4896	Schizosaccharomyces pombe	
GO:0010436	carotenoid dioxygenase activity	NCBITaxon:4932	Saccharomyces cerevisiae	
GO:0010547	thylakoid membrane disassembly	NCBITaxon:33208	Metazoa	
GO:0010548	regulation of thylakoid membrane disassembly	NCBITaxon:33208	Metazoa	
GO:0014832	urinary bladder smooth muscle contraction	NCBITaxon:8782	Aves	
GO:0015979	photosynthesis	NCBITaxon:33208	Metazoa	
GO:0015979	photosynthesis	NCBITaxon:4895	Schizosaccharomyces	
GO:0015994	chlorophyll metabolic process	NCBITaxon:33208	Metazoa	
GO:0016032	viral process	NCBITaxon:4896	Schizosaccharomyces pombe	
GO:0016116	carotenoid metabolic process	NCBITaxon:4896	Schizosaccharomyces pombe	
GO:0016116	carotenoid metabolic process	NCBITaxon:4932	Saccharomyces cerevisiae	
GO:0016168	chlorophyll binding	NCBITaxon:33208	Metazoa	
GO:0016206	catechol O-methyltransferase activity	NCBITaxon:4890	Ascomycota	
GO:0016456	X chromosome located dosage compensation complex, transcription activating	NCBITaxon:8782	Aves	
GO:0016528	sarcoplasm	NCBITaxon:4751	Fungi	
GO:0017147	Wnt-protein binding	NCBITaxon:4751	Fungi	
GO:0019588	anaerobic glycerol catabolic process	NCBITaxon:4895	Schizosaccharomyces	
GO:0019654	acetate fermentation	NCBITaxon:4895	Schizosaccharomyces	
GO:0019763	immunoglobulin receptor activity	NCBITaxon:4751	Fungi	
GO:0019838	growth factor binding	NCBITaxon:Union_0000023	Fungi or Bacteria or Archaea	
GO:0019955	cytokine binding	NCBITaxon:4751	Fungi	
GO:0020039	pellicle	NCBITaxon:2	Bacteria	
GO:0020039	pellicle	NCBITaxon:33154	Opisthokonta	
GO:0030054	cell junction	NCBITaxon:4751	Fungi	
GO:0030141	secretory granule	NCBITaxon:4890	Ascomycota	
GO:0030436	asexual sporulation	NCBITaxon:33083	Dictyostelids	
GO:0030492	hemoglobin binding	NCBITaxon:4751	Fungi	
GO:0030634	carbon fixation by acetyl-CoA pathway	NCBITaxon:2759	Eukaryota	
GO:0030881	beta-2-microglobulin binding	NCBITaxon:4751	Fungi	
GO:0030984	kininogen binding	NCBITaxon:4751	Fungi	
GO:0031048	chromatin silencing by small RNA	NCBITaxon:4930	Saccharomyces	
GO:0031128	developmental induction	NCBITaxon:4895	Schizosaccharomyces	
GO:0031423	hexon binding	NCBITaxon:4751	Fungi	
GO:0031425	chloroplast RNA processing	NCBITaxon:28009	Choanoflagellida	
GO:0031425	chloroplast RNA processing	NCBITaxon:33208	Metazoa	
GO:0031425	chloroplast RNA processing	NCBITaxon:4751	Fungi	
GO:0031425	chloroplast RNA processing	NCBITaxon:554915	Amoebozoa	
GO:0031502	dolichyl-phosphate-mannose-protein mannosyltransferase complex	NCBITaxon:33090	Viridiplantae	
GO:0031555	transcriptional attenuation	NCBITaxon:2759	Eukaryota	
GO:0031556	transcriptional attenuation by ribosome	NCBITaxon:2759	Eukaryota	
GO:0031720	haptoglobin binding	NCBITaxon:4751	Fungi	
GO:0032501	multicellular organismal process	NCBITaxon:4896	Schizosaccharomyces pombe	
GO:0032501	multicellular organismal process	NCBITaxon:4932	Saccharomyces cerevisiae	
GO:0032501	multicellular organismal process	NCBITaxon:2	Bacteria	
GO:0032501	multicellular organismal process	NCBITaxon:2157	Archaea	
GO:0034185	apolipoprotein binding	NCBITaxon:4751	Fungi	
GO:0034189	very-low-density lipoprotein particle binding	NCBITaxon:4751	Fungi	
GO:0034293	sexual sporulation	NCBITaxon:33083	Dictyostelids	
GO:0034357	photosynthetic membrane	NCBITaxon:33208	Metazoa	
GO:0034357	photosynthetic membrane	NCBITaxon:4751	Fungi	
GO:0034711	inhibin binding	NCBITaxon:4751	Fungi	
GO:0034736	cholesterol O-acyltransferase activity	NCBITaxon:4895	Schizosaccharomyces	
GO:0034736	cholesterol O-acyltransferase activity	NCBITaxon:4930	Saccharomyces	
GO:0035287	head segmentation	NCBITaxon:7742	Vertebrata <Metazoa>	
GO:0036053	glomerular endothelium fenestra	NCBITaxon:Union_0000023	Fungi or Bacteria or Archaea	
GO:0038093	Fc receptor signaling pathway	NCBITaxon:4751	Fungi	
GO:0038100	nodal binding	NCBITaxon:4751	Fungi	
GO:0038161	prolactin signaling pathway	NCBITaxon:4751	Fungi	
GO:0039679	viral occlusion body	NCBITaxon:131567	cellular organisms	
GO:0040011	locomotion	NCBITaxon:451864	Dikarya	
GO:0042023	DNA endoreduplication	NCBITaxon:4896	Schizosaccharomyces pombe	
GO:0042127	regulation of cell proliferation	NCBITaxon:4751	Fungi	
GO:0042445	hormone metabolic process	NCBITaxon:4895	Schizosaccharomyces	
GO:0042464	dosage compensation by hypoactivation of X chromosome	NCBITaxon:8782	Aves	
GO:0042470	melanosome	NCBITaxon:4895	Schizosaccharomyces	
GO:0042470	melanosome	NCBITaxon:6237	Caenorhabditis	GOC:kmv
GO:0042476	odontogenesis	NCBITaxon:8782	Aves	
GO:0042546	cell wall biogenesis	NCBITaxon:7742	Vertebrata <Metazoa>	
GO:0042633	hair cycle	NCBITaxon:8782	Aves	
GO:0043093	FtsZ-dependent cytokinesis	NCBITaxon:2759	Eukaryota	
GO:0043236	laminin binding	NCBITaxon:4895	Schizosaccharomyces	
GO:0043236	laminin binding	NCBITaxon:4932	Saccharomyces cerevisiae	
GO:0043256	laminin complex	NCBITaxon:4751	Fungi	
GO:0043263	cellulosome	NCBITaxon:33208	Metazoa	
GO:0043293	apoptosome	NCBITaxon:4890	Ascomycota	
GO:0043506	regulation of JUN kinase activity	NCBITaxon:4895	Schizosaccharomyces	
GO:0043532	angiostatin binding	NCBITaxon:4751	Fungi	
GO:0043559	insulin binding	NCBITaxon:4751	Fungi	
GO:0043560	insulin receptor substrate binding	NCBITaxon:4751	Fungi	
GO:0043698	iridosome	NCBITaxon:4895	Schizosaccharomyces	
GO:0043700	pterinosome	NCBITaxon:4895	Schizosaccharomyces	
GO:0043701	cyanosome	NCBITaxon:4895	Schizosaccharomyces	
GO:0043702	carotenoid vesicle	NCBITaxon:4896	Schizosaccharomyces pombe	
GO:0043702	carotenoid vesicle	NCBITaxon:4932	Saccharomyces cerevisiae	
GO:0044305	calyx of Held	NCBITaxon:8782	Aves	
GO:0044419	interspecies interaction between organisms	NCBITaxon:4895	Schizosaccharomyces	
GO:0044423	virion part	NCBITaxon:131567	cellular organisms	
GO:0044548	S100 protein binding	NCBITaxon:4751	Fungi	
GO:0044730	bone sialoprotein binding	NCBITaxon:4751	Fungi	
GO:0045087	innate immune response	NCBITaxon:Union_0000023	Fungi or Bacteria or Archaea	
GO:0045271	respiratory chain complex I	NCBITaxon:4896	Schizosaccharomyces pombe	PMID:21597881
GO:0045271	respiratory chain complex I	NCBITaxon:4932	Saccharomyces cerevisiae	PMID:21597881
GO:0045294	alpha-catenin binding	NCBITaxon:4751	Fungi	
GO:0045295	gamma-catenin binding	NCBITaxon:4751	Fungi	
GO:0045495	pole plasm	NCBITaxon:4751	Fungi	
GO:0045569	TRAIL binding	NCBITaxon:4751	Fungi	
GO:0046332	SMAD binding	NCBITaxon:4751	Fungi	
GO:0046605	regulation of centrosome cycle	NCBITaxon:27896	Planariidae	
GO:0046605	regulation of centrosome cycle	NCBITaxon:33090	Viridiplantae	
GO:0046605	regulation of centrosome cycle	NCBITaxon:4751	Fungi	
GO:0046608	carotenoid isomerase activity	NCBITaxon:4896	Schizosaccharomyces pombe	
GO:0046608	carotenoid isomerase activity	NCBITaxon:4932	Saccharomyces cerevisiae	
GO:0046695	SLIK (SAGA-like) complex	NCBITaxon:4896	Schizosaccharomyces pombe	
GO:0046977	TAP binding	NCBITaxon:4751	Fungi	
GO:0046980	tapasin binding	NCBITaxon:4751	Fungi	
GO:0048010	vascular endothelial growth factor receptor signaling pathway	NCBITaxon:Union_0000023	Fungi or Bacteria or Archaea	
GO:0048104	establishment of body hair or bristle planar orientation	NCBITaxon:8782	Aves	
GO:0050764	regulation of phagocytosis	NCBITaxon:147537	Saccharomycotina	
GO:0050873	brown fat cell differentiation	NCBITaxon:8782	Aves	
GO:0050959	echolocation	NCBITaxon:10090	Mus musculus	PMID:34140356
GO:0050959	echolocation	NCBITaxon:9443	Primates	PMID:34140356
GO:0051644	plastid localization	NCBITaxon:28009	Choanoflagellida	PMID:21311032
GO:0051644	plastid localization	NCBITaxon:33208	Metazoa	PMID:21311032
GO:0051644	plastid localization	NCBITaxon:4751	Fungi	PMID:21311032
GO:0051644	plastid localization	NCBITaxon:554915	Amoebozoa	PMID:21311032
GO:0055100	adiponectin binding	NCBITaxon:4751	Fungi	
GO:0060023	soft palate development	NCBITaxon:8782	Aves	
GO:0060157	urinary bladder development	NCBITaxon:8782	Aves	
GO:0060271	cilium assembly	NCBITaxon:3176	Zygnematales	
GO:0060271	cilium assembly	NCBITaxon:3312	Coniferophyta	
GO:0060271	cilium assembly	NCBITaxon:3378	Gnetales	
GO:0060271	cilium assembly	NCBITaxon:3398	Magnoliophyta	
GO:0060271	cilium assembly	NCBITaxon:4890	Ascomycota	
GO:0060271	cilium assembly	NCBITaxon:5782	Dictyostelium	
GO:0060539	diaphragm development	NCBITaxon:8782	Aves	
GO:0060540	diaphragm morphogenesis	NCBITaxon:8782	Aves	
GO:0061675	RBL family protein binding	NCBITaxon:4751	Fungi	
GO:0061737	leukotriene signaling pathway	NCBITaxon:4751	Fungi	
GO:0061794	conidium development	NCBITaxon:147554	Schizosaccharomycetes	
GO:0061794	conidium development	NCBITaxon:2	Bacteria	
GO:0061794	conidium development	NCBITaxon:2157	Archaea	
GO:0061794	conidium development	NCBITaxon:241407	Saccharomycetales incertae sedis	
GO:0061794	conidium development	NCBITaxon:33208	Metazoa	
GO:0061794	conidium development	NCBITaxon:451866	Taphrinomycotina	
GO:0061794	conidium development	NCBITaxon:4930	Saccharomyces	
GO:0070097	delta-catenin binding	NCBITaxon:4751	Fungi	
GO:0070193	synaptonemal complex organization	NCBITaxon:4896	Schizosaccharomyces pombe	
GO:0070342	brown fat cell proliferation	NCBITaxon:8782	Aves	
GO:0070787	conidiophore development	NCBITaxon:147554	Schizosaccharomycetes	
GO:0070787	conidiophore development	NCBITaxon:2	Bacteria	
GO:0070787	conidiophore development	NCBITaxon:2157	Archaea	
GO:0070787	conidiophore development	NCBITaxon:241407	Saccharomycetales incertae sedis	
GO:0070787	conidiophore development	NCBITaxon:33208	Metazoa	
GO:0070787	conidiophore development	NCBITaxon:451866	Taphrinomycotina	
GO:0070787	conidiophore development	NCBITaxon:4930	Saccharomyces	
GO:0070788	conidiophore stalk development	NCBITaxon:147554	Schizosaccharomycetes	
GO:0070788	conidiophore stalk development	NCBITaxon:2	Bacteria	
GO:0070788	conidiophore stalk development	NCBITaxon:2157	Archaea	
GO:0070788	conidiophore stalk development	NCBITaxon:241407	Saccharomycetales incertae sedis	
GO:0070788	conidiophore stalk development	NCBITaxon:33208	Metazoa	
GO:0070788	conidiophore stalk development	NCBITaxon:451866	Taphrinomycotina	
GO:0070788	conidiophore stalk development	NCBITaxon:4930	Saccharomyces	
GO:0070789	metula development	NCBITaxon:147554	Schizosaccharomycetes	
GO:0070789	metula development	NCBITaxon:2	Bacteria	
GO:0070789	metula development	NCBITaxon:2157	Archaea	
GO:0070789	metula development	NCBITaxon:241407	Saccharomycetales incertae sedis	
GO:0070789	metula development	NCBITaxon:33208	Metazoa	
GO:0070789	metula development	NCBITaxon:451866	Taphrinomycotina	
GO:0070789	metula development	NCBITaxon:4930	Saccharomyces	
GO:0070790	phialide development	NCBITaxon:147554	Schizosaccharomycetes	
GO:0070790	phialide development	NCBITaxon:2	Bacteria	
GO:0070790	phialide development	NCBITaxon:2157	Archaea	
GO:0070790	phialide development	NCBITaxon:241407	Saccharomycetales incertae sedis	
GO:0070790	phialide development	NCBITaxon:33208	Metazoa	
GO:0070790	phialide development	NCBITaxon:451866	Taphrinomycotina	
GO:0070790	phialide development	NCBITaxon:4930	Saccharomyces	
GO:0070793	regulation of conidiophore development	NCBITaxon:147554	Schizosaccharomycetes	
GO:0070793	regulation of conidiophore development	NCBITaxon:2	Bacteria	
GO:0070793	regulation of conidiophore development	NCBITaxon:2157	Archaea	
GO:0070793	regulation of conidiophore development	NCBITaxon:241407	Saccharomycetales incertae sedis	
GO:0070793	regulation of conidiophore development	NCBITaxon:33208	Metazoa	
GO:0070793	regulation of conidiophore development	NCBITaxon:451866	Taphrinomycotina	
GO:0070793	regulation of conidiophore development	NCBITaxon:4930	Saccharomyces	
GO:0070802	regulation of metula development	NCBITaxon:147554	Schizosaccharomycetes	
GO:0070802	regulation of metula development	NCBITaxon:2	Bacteria	
GO:0070802	regulation of metula development	NCBITaxon:2157	Archaea	
GO:0070802	regulation of metula development	NCBITaxon:241407	Saccharomycetales incertae sedis	
GO:0070802	regulation of metula development	NCBITaxon:33208	Metazoa	
GO:0070802	regulation of metula development	NCBITaxon:451866	Taphrinomycotina	
GO:0070802	regulation of metula development	NCBITaxon:4930	Saccharomyces	
GO:0070805	regulation of phialide development	NCBITaxon:147554	Schizosaccharomycetes	
GO:0070805	regulation of phialide development	NCBITaxon:2	Bacteria	
GO:0070805	regulation of phialide development	NCBITaxon:2157	Archaea	
GO:0070805	regulation of phialide development	NCBITaxon:241407	Saccharomycetales incertae sedis	
GO:0070805	regulation of phialide development	NCBITaxon:33208	Metazoa	
GO:0070805	regulation of phialide development	NCBITaxon:451866	Taphrinomycotina	
GO:0070805	regulation of phialide development	NCBITaxon:4930	Saccharomyces	
GO:0070848	response to growth factor	NCBITaxon:Union_0000023	Fungi or Bacteria or Archaea	
GO:0071253	connexin binding	NCBITaxon:4751	Fungi	
GO:0071716	leukotriene transport	NCBITaxon:4751	Fungi	
GO:0072324	ascus epiplasm	NCBITaxon:5878	Ciliophora	
GO:0075259	spore-bearing structure development	NCBITaxon:33208	Metazoa	
GO:0075283	sporulation resulting in formation of a multicellular or syncytial spore	NCBITaxon:33083	Dictyostelids	
GO:0075306	regulation of conidium formation	NCBITaxon:147554	Schizosaccharomycetes	
GO:0075306	regulation of conidium formation	NCBITaxon:2	Bacteria	
GO:0075306	regulation of conidium formation	NCBITaxon:2157	Archaea	
GO:0075306	regulation of conidium formation	NCBITaxon:241407	Saccharomycetales incertae sedis	
GO:0075306	regulation of conidium formation	NCBITaxon:33208	Metazoa	
GO:0075306	regulation of conidium formation	NCBITaxon:451866	Taphrinomycotina	
GO:0075306	regulation of conidium formation	NCBITaxon:4930	Saccharomyces	
GO:0086042	cardiac muscle cell-cardiac muscle cell adhesion	NCBITaxon:33090	Viridiplantae	
GO:0086042	cardiac muscle cell-cardiac muscle cell adhesion	NCBITaxon:Union_0000023	Fungi or Bacteria or Archaea	
GO:0086080	protein binding involved in heterotypic cell-cell adhesion	NCBITaxon:Union_0000023	Fungi or Bacteria or Archaea	
GO:0089719	RHG protein domain binding	NCBITaxon:4751	Fungi	
GO:0090136	epithelial cell-cell adhesion	NCBITaxon:33090	Viridiplantae	
GO:0090136	epithelial cell-cell adhesion	NCBITaxon:Union_0000023	Fungi or Bacteria or Archaea	
GO:0090632	N-glycolylneuraminic acid (Neu5Gc) cytidylyltransferase activity	NCBITaxon:9606	Homo sapiens	
GO:0097108	hedgehog family protein binding	NCBITaxon:4751	Fungi	
GO:0097351	toxin-antitoxin pair type II binding	NCBITaxon:2759	Eukaryota	
GO:0097371	MDM2/MDM4 family protein binding	NCBITaxon:4751	Fungi	
GO:0097588	archaeal or bacterial-type flagellum-dependent cell motility	NCBITaxon:2759	Eukaryota	
GO:0097651	phosphatidylinositol 3-kinase complex, class I	NCBITaxon:4932	Saccharomyces cerevisiae	
GO:0097652	phosphatidylinositol 3-kinase complex, class II	NCBITaxon:4932	Saccharomyces cerevisiae	
GO:0097677	STAT family protein binding	NCBITaxon:4751	Fungi	
GO:0097678	SOCS family protein binding	NCBITaxon:4751	Fungi	
GO:0097727	blepharoplast	NCBITaxon:3176	Zygnematales	
GO:0097727	blepharoplast	NCBITaxon:3312	Coniferophyta	
GO:0097727	blepharoplast	NCBITaxon:3378	Gnetales	
GO:0097727	blepharoplast	NCBITaxon:3398	Magnoliophyta	
GO:0097743	de novo centriole assembly via blepharoplast	NCBITaxon:3176	Zygnematales	
GO:0097743	de novo centriole assembly via blepharoplast	NCBITaxon:3312	Coniferophyta	
GO:0097743	de novo centriole assembly via blepharoplast	NCBITaxon:3378	Gnetales	
GO:0097743	de novo centriole assembly via blepharoplast	NCBITaxon:3398	Magnoliophyta	
GO:0098521	inhibitory neuromuscular junction	NCBITaxon:7742	Vertebrata <Metazoa>	
GO:0098769	TIMP family protein binding	NCBITaxon:4751	Fungi	
GO:0098770	FBXO family protein binding	NCBITaxon:4751	Fungi	
GO:0102084	L-dopa O-methyltransferase activity	NCBITaxon:4890	Ascomycota	
GO:0102938	orcinol O-methyltransferase activity	NCBITaxon:4890	Ascomycota	
GO:0120164	conidium germination	NCBITaxon:147554	Schizosaccharomycetes	
GO:0120164	conidium germination	NCBITaxon:2	Bacteria	
GO:0120164	conidium germination	NCBITaxon:2157	Archaea	
GO:0120164	conidium germination	NCBITaxon:241407	Saccharomycetales incertae sedis	
GO:0120164	conidium germination	NCBITaxon:33208	Metazoa	
GO:0120164	conidium germination	NCBITaxon:451866	Taphrinomycotina	
GO:0120164	conidium germination	NCBITaxon:4930	Saccharomyces	
GO:1900095	regulation of dosage compensation by inactivation of X chromosome	NCBITaxon:8782	Aves	
GO:1901142	insulin metabolic process	NCBITaxon:33090	Viridiplantae	
GO:1901142	insulin metabolic process	NCBITaxon:Union_0000023	Fungi or Bacteria or Archaea	
GO:1903719	regulation of I-kappaB phosphorylation	NCBITaxon:4751	Fungi	
GO:1904019	epithelial cell apoptotic process	NCBITaxon:33090	Viridiplantae	
GO:1904019	epithelial cell apoptotic process	NCBITaxon:Union_0000023	Fungi or Bacteria or Archaea	
GO:1990182	exosomal secretion	NCBITaxon:4890	Ascomycota	
GO:1990377	organomineral extracellular matrix	NCBITaxon:33090	Viridiplantae	
GO:1990377	organomineral extracellular matrix	NCBITaxon:Union_0000023	Fungi or Bacteria or Archaea	
GO:1990405	protein antigen binding	NCBITaxon:4751	Fungi	
GO:1990917	ooplasm	NCBITaxon:4751	Fungi	
GO:0061512	protein localization to cilium	NCBITaxon:3176	Zygnematales	
GO:0061512	protein localization to cilium	NCBITaxon:3312	Coniferophyta	
GO:0061512	protein localization to cilium	NCBITaxon:3378	Gnetales	
GO:0061512	protein localization to cilium	NCBITaxon:3398	Magnoliophyta	
GO:0061512	protein localization to cilium	NCBITaxon:4890	Ascomycota	
GO:0061512	protein localization to cilium	NCBITaxon:5782	Dictyostelium	
GO:0005618	cell wall	NCBITaxon:33208 	Metazoa	
GO:0090078 	smooth muscle derived foam cell differentiation	NCBITaxon:4751	Fungi	
GO:0038065	collagen-activated signaling pathway	NCBITaxon:4751	Fungi	
GO:0038063	collagen-activated tyrosine kinase receptor signaling pathway	NCBITaxon:4751	Fungi	
GO:0031550	positive regulation of brain-derived neurotrophic factor receptor signaling pathway	NCBITaxon:4751	Fungi	
GO:0031549	negative regulation of brain-derived neurotrophic factor receptor signaling pathway	NCBITaxon:4751	Fungi	
GO:0031547	brain-derived neurotrophic factor receptor signaling pathway	NCBITaxon:4751	Fungi	
GO:0031548	regulation of brain-derived neurotrophic factor receptor signaling pathway	NCBITaxon:4751	Fungi	
GO:0006789	bilirubin conjugation	NCBITaxon:4751	Fungi	
GO:0051767	nitric-oxide synthase biosynthetic process	NCBITaxon:4751	Fungi	
GO:0014719	skeletal muscle satellite cell activation	NCBITaxon:4751	Fungi	
GO:2000097	regulation of smooth muscle cell-matrix adhesion	NCBITaxon:4751	Fungi	
GO:0035994	response to muscle stretch	NCBITaxon:4751	Fungi	
GO:0035995	detection of muscle stretch	NCBITaxon:4751	Fungi	
GO:0033651	host cell plastid	NCBITaxon:4751	Fungi	
GO:1902949	positive regulation of tau-protein kinase activity	NCBITaxon:4751	Fungi	
GO:1902947	regulation of tau-protein kinase activity	NCBITaxon:4751	Fungi	
GO:1902948	negative regulation of tau-protein kinase activity	NCBITaxon:4751	Fungi	
GO:0061302	smooth muscle cell-matrix adhesion	NCBITaxon:4751	Fungi	
GO:1902251	negative regulation of erythrocyte apoptotic process	NCBITaxon:4751	Fungi	
GO:1902252	positive regulation of erythrocyte apoptotic process	NCBITaxon:4751	Fungi	
GO:0097699	vascular endothelial cell response to fluid shear stress	NCBITaxon:4751	Fungi	
GO:0014870	response to muscle inactivity	NCBITaxon:4751	Fungi	
GO:0014869	detection of muscle inactivity	NCBITaxon:4751	Fungi	
GO:0014864	detection of muscle activity	NCBITaxon:4751	Fungi	
GO:1902217	erythrocyte apoptotic process	NCBITaxon:4751	Fungi	
GO:0097700	vascular endothelial cell response to laminar fluid shear stress	NCBITaxon:4751	Fungi	
GO:0097706	vascular endothelial cell response to oscillatory fluid shear stress	NCBITaxon:4751	Fungi	
GO:0097705	vascular endothelial cell response to pulsatile fluid shear stress	NCBITaxon:4751	Fungi	
GO:0046716 	muscle cell cellular homeostasis	NCBITaxon:4751	Fungi	
GO:0014850 	response to muscle activity	NCBITaxon:4751	Fungi	
GO:0007164	establishment of tissue polarity	NCBITaxon:4751	Fungi	
GO:0090698	post-embryonic plant morphogenesis	NCBITaxon:4751	Fungi	
GO:0031547	brain-derived neurotrophic factor receptor signaling pathway	NCBITaxon:4751	Fungi	
GO:0019353	protoporphyrinogen IX biosynthetic process from glutamate	NCBITaxon:4751	Fungi	
GO:0019353	protoporphyrinogen IX biosynthetic process from glutamate	NCBITaxon:33208	Metazoa	
GO:0043588	skin development	NCBITaxon:50557	Insecta	
GO:0001533	cornified envelope	NCBITaxon:50557	Insecta	
GO:0007338	single fertilization	NCBITaxon:58024	Spermatophyta	
GO:0009271	phage shock	NCBITaxon:4751	Fungi	
GO:0030199	collagen fibril organization	NCBITaxon:4751	Fungi	
GO:0005125	cytokine activity	NCBITaxon:4751	Fungi	
GO:1900136	regulation of cytokine activity	NCBITaxon:4751	Fungi	
GO:0034332	adherens junction organization	NCBITaxon:4751	Fungi	
GO:0045747	regulation of Notch signaling pathway	NCBITaxon:4751	Fungi	
GO:0007219	Notch signaling pathway	NCBITaxon:4751	Fungi	
GO:0045295	gamma-catenin binding	NCBITaxon:50557	Insecta	
GO:0005199	structural constituent of cell wall	NCBITaxon:33208	Metazoa	
GO:0010239	chloroplast mRNA processing	NCBITaxon:28009	Choanoflagellida	
GO:0010239	chloroplast mRNA processing	NCBITaxon:33208	Metazoa	
GO:0010239	chloroplast mRNA processing	NCBITaxon:4751	Fungi	
GO:0010239	chloroplast mRNA processing	NCBITaxon:554915	Amoebozoa	
GO:0032544	plastid translation	NCBITaxon:2	Bacteria	
GO:0032544	plastid translation	NCBITaxon:2157	Archaea	
GO:0032544	plastid translation	NCBITaxon:28009	Choanoflagellida	
GO:0032544	plastid translation	NCBITaxon:33208	Metazoa	
GO:0032544	plastid translation	NCBITaxon:4751	Fungi	
GO:0032544	plastid translation	NCBITaxon:554915	Amoebozoa	
GO:0033259	plastid DNA replication	NCBITaxon:2	Bacteria	
GO:0033259	plastid DNA replication	NCBITaxon:2157	Archaea	
GO:0033259	plastid DNA replication	NCBITaxon:28009	Choanoflagellida	
GO:0033259	plastid DNA replication	NCBITaxon:33208	Metazoa	
GO:0033259	plastid DNA replication	NCBITaxon:4751	Fungi	
GO:0033259	plastid DNA replication	NCBITaxon:554915	Amoebozoa	
GO:0039660	structural constituent of virion	NCBITaxon:131567	cellular organisms	
GO:0042073	intraciliary transport	NCBITaxon:3176	Zygnematales	
GO:0042073	intraciliary transport	NCBITaxon:3312	Coniferophyta	
GO:0042073	intraciliary transport	NCBITaxon:3378	Gnetales	
GO:0042073	intraciliary transport	NCBITaxon:3398	Magnoliophyta	
GO:0042073	intraciliary transport	NCBITaxon:5782	Dictyostelium	
GO:0042073	intraciliary transport	NCBITaxon:4890	Ascomycota	
GO:0072597	maintenance of protein location in chloroplast	NCBITaxon:28009	Choanoflagellida	
GO:0072597	maintenance of protein location in chloroplast	NCBITaxon:33208	Metazoa	
GO:0072597	maintenance of protein location in chloroplast	NCBITaxon:4751	Fungi	
GO:0072597	maintenance of protein location in chloroplast	NCBITaxon:554915	Amoebozoa	
GO:1900160	plastid DNA packaging	NCBITaxon:2	Bacteria	
GO:1900160	plastid DNA packaging	NCBITaxon:2157	Archaea	
GO:1900160	plastid DNA packaging	NCBITaxon:28009	Choanoflagellida	
GO:1900160	plastid DNA packaging	NCBITaxon:33208	Metazoa	
GO:1900160	plastid DNA packaging	NCBITaxon:4751	Fungi	
GO:1900160	plastid DNA packaging	NCBITaxon:554915	Amoebozoa	
GO:1900865	chloroplast RNA modification	NCBITaxon:28009	Choanoflagellida	
GO:1900865	chloroplast RNA modification	NCBITaxon:33208	Metazoa	
GO:1900865	chloroplast RNA modification	NCBITaxon:4751	Fungi	
GO:1900865	chloroplast RNA modification	NCBITaxon:554915	Amoebozoa	
GO:1900871	chloroplast mRNA modification	NCBITaxon:28009	Choanoflagellida	
GO:1900871	chloroplast mRNA modification	NCBITaxon:33208	Metazoa	
GO:1900871	chloroplast mRNA modification	NCBITaxon:4751	Fungi	
GO:1900871	chloroplast mRNA modification	NCBITaxon:554915	Amoebozoa	
GO:1901259	chloroplast rRNA processing	NCBITaxon:28009	Choanoflagellida	
GO:1901259	chloroplast rRNA processing	NCBITaxon:33208	Metazoa	
GO:1901259	chloroplast rRNA processing	NCBITaxon:4751	Fungi	
GO:1901259	chloroplast rRNA processing	NCBITaxon:554915	Amoebozoa	
GO:0052553	modulation by symbiont of host immune response	NCBITaxon:33208	Metazoa	
GO:0052553	modulation by symbiont of host immune response	NCBITaxon:33090	Viridiplantae	
GO:0033499	galactose catabolic process via UDP-galactose	NCBITaxon:147554	Schizosaccharomycetes	
GO:0098610	adhesion between unicellular organisms	NCBITaxon:33208	Metazoa	
GO:0043010	camera-type eye development	NCBITaxon:6656	Arthropoda	
GO:0098610	adhesion between unicellular organisms	NCBITaxon:33090	Viridiplantae	
GO:0001726	ruffle	NCBITaxon:4890	Ascomycota	
GO:0043616	keratinocyte proliferation	NCBITaxon:6656	Arthropoda	
GO:0043588	skin development	NCBITaxon:6656	Arthropoda	
GO:0032980	keratinocyte activation	NCBITaxon:6656	Arthropoda	
GO:0051546	keratinocyte migration	NCBITaxon:6656	Arthropoda	
GO:0097283	keratinocyte apoptotic process	NCBITaxon:6656	Arthropoda	
GO:0008623	CHRAC	NCBITaxon:4896	Schizosaccharomyces pombe	
GO:0033643	host cell part	NCBITaxon:7742	Vertebrata <Metazoa>	
GO:0001848	complement binding	NCBITaxon:4751	Fungi	
GO:0001968	fibronectin binding	NCBITaxon:4751	Fungi	
GO:0002039	p53 binding	NCBITaxon:4751	Fungi	
GO:0002046	opsin binding	NCBITaxon:4751	Fungi	
GO:0005521	lamin binding	NCBITaxon:4751	Fungi	
GO:0030492	hemoglobin binding	NCBITaxon:4751	Fungi	
GO:0030881	beta-2-microglobulin binding	NCBITaxon:4751	Fungi	
GO:0019838	growth factor binding	NCBITaxon:4751	Fungi	
GO:0019955	cytokine binding	NCBITaxon:4751	Fungi	
GO:1990405	protein antigen binding	NCBITaxon:4751	Fungi	
GO:0097108	hedgehog family protein binding	NCBITaxon:4751	Fungi	
GO:0055100	adiponectin binding	NCBITaxon:4751	Fungi	
GO:0071253	connexin binding	NCBITaxon:4751	Fungi	
GO:0046977	TAP binding	NCBITaxon:4751	Fungi	
GO:0044730	bone sialoprotein binding	NCBITaxon:4751	Fungi	
GO:0044548	S100 protein binding	NCBITaxon:4751	Fungi	
GO:0043559	insulin binding	NCBITaxon:4751	Fungi	
GO:0043560	insulin receptor substrate binding	NCBITaxon:4751	Fungi	
GO:0043532	angiostatin binding	NCBITaxon:4751	Fungi	
GO:0055100	adiponectin binding	NCBITaxon:4751	Fungi	
GO:0038100	nodal binding	NCBITaxon:4751	Fungi	
GO:0140223	general transcription initiation factor activity	NCBITaxon:2	Bacteria	
GO:0006915	apoptotic process	NCBITaxon:4896	Schizosaccharomyces pombe	
GO:0006915 	apoptotic process	NCBITaxon:2	Bacteria	
GO:0001726	ruffle	NCBITaxon:2	Bacteria	
GO:0001726	ruffle	NCBITaxon:4751	Fungi	
GO:0001726	ruffle	NCBITaxon:33090	Viridiplantae	
GO:1900027	regulation of ruffle assembly	NCBITaxon:2	Bacteria	
GO:1900027	regulation of ruffle assembly	NCBITaxon:4751	Fungi	
GO:1900027	regulation of ruffle assembly	NCBITaxon:33090	Viridiplantae	
GO:0007232	osmosensory signaling pathway via Sho1 osmosensor	NCBITaxon:4896	Schizosaccharomyces pombe	
GO:0007234	osmosensory signaling via phosphorelay pathway	NCBITaxon:4896	Schizosaccharomyces pombe	
GO:0004355	glutamate synthase (NADPH) activity	NCBITaxon:4896	Schizosaccharomyces pombe	
GO:0005368	taurine transmembrane transporter activity	NCBITaxon:4751	Fungi	
GO:0015411	ATPase-coupled taurine transporter activity	NCBITaxon:4751	Fungi	
GO:0000011	vacuole inheritance	NCBITaxon:4896	Schizosaccharomyces pombe	
GO:0071563	Myo2p-Vac17p-Vac8p transport complex	NCBITaxon:4896	Schizosaccharomyces pombe	
GO:0031911	cytoproct	NCBITaxon:33208	Metazoa	
GO:0044297	cell body	NCBITaxon:4890 	Ascomycota	
GO:0045180	basal cortex	NCBITaxon:4890 	Ascomycota	
GO:0045179	apical cortex	NCBITaxon:4890 	Ascomycota	
GO:0005764	lysosome	NCBITaxon:4751	Fungi	
GO:0043202	lysosomal lumen	NCBITaxon:4751	Fungi	
GO:0005765	lysosomal membrane	NCBITaxon:4751	Fungi	
GO:0071588	hydrogen peroxide mediated signaling pathway	NCBITaxon:4751	Fungi	
GO:0071818	BAT3 complex	NCBITaxon:4890 	Ascomycota	
GO:0016922	nuclear receptor binding	NCBITaxon:Union_0000023	Fungi or Bacteria or Archaea	
GO:0048309	endoplasmic reticulum inheritance	NCBITaxon:4896	Schizosaccharomyces pombe	
GO:0080111	DNA demethylation	NCBITaxon:4896	Schizosaccharomyces pombe	
GO:0080111	DNA demethylation	NCBITaxon:4932	Saccharomyces cerevisiae	
GO:0006306	DNA methylation	NCBITaxon:4896	Schizosaccharomyces pombe	
GO:0006306	DNA methylation	NCBITaxon:4932	Saccharomyces cerevisiae	
GO:0140643	hydroxymethylglutaryl-CoA reductase (NADH) activity	NCBITaxon:2759	Eukaryota	
GO:0044003	modulation by symbiont of host process	NCBITaxon:33090	Viridiplantae	
GO:0044003	modulation by symbiont of host process	NCBITaxon:7742	Vertebrata <Metazoa>	
GO:0052200	response to host defenses	NCBITaxon:33090	Viridiplantae	
GO:0052200	response to host defenses	NCBITaxon:7742	Vertebrata <Metazoa>	
GO:0019746	hopanoid biosynthetic process	NCBITaxon:2	Bacteria	PMID:29456243
GO:0019746	hopanoid biosynthetic process	NCBITaxon:33208	Metazoa	PMID:29456243
GO:0007114	cell budding	NCBITaxon:4896	Schizosaccharomyces pombe	
GO:0007114	cell budding	NCBITaxon:33208	Metazoa	
GO:0140671	ADA complex	NCBITaxon:4896	Schizosaccharomyces pombe	
GO:0140672	ATAC complex	NCBITaxon:4751	Fungi	
GO:0140737	encapsulin nanocompartment	NCBITaxon:2759	Eukaryota	
GO:0035194	post-transcriptional gene silencing by RNA	NCBITaxon:4896	Schizosaccharomyces pombe	
GO:0035194	post-transcriptional gene silencing by RNA	NCBITaxon:4932	Saccharomyces cerevisiae	
GO:0032420	stereocilium	NCBITaxon:4751	Fungi	
GO:0043005	neuron projection	NCBITaxon:4751	Fungi	
GO:0005902	microvillus	NCBITaxon:4751	Fungi	
GO:0032528	microvillus organization	NCBITaxon:4751	Fungi	
GO:0030175	filopodium	NCBITaxon:4751	Fungi	
GO:0046847	filopodium assembly	NCBITaxon:4751	Fungi	
GO:0005903	brush border	NCBITaxon:4751	Fungi	
GO:1904970	brush border assembly	NCBITaxon:4751	Fungi	
GO:0001931	uropod	NCBITaxon:4751	Fungi	
GO:0034460	uropod assembly	NCBITaxon:4751	Fungi	
GO:0044393	microspike	NCBITaxon:4751	Fungi	
GO:0030035	microspike assembly	NCBITaxon:4751	Fungi	
GO:0140858	histone ubiquitin ligase activity (H2A-K15 specific)	NCBITaxon:4890	Ascomycota	
GO:0005689	U12-type spliceosomal complex	NCBITaxon:4890	Ascomycota	
GO:0098619	selenocysteine-tRNA ligase activity	NCBITaxon:451864	Dikarya	
GO:0098619	selenocysteine-tRNA ligase activity	NCBITaxon:3193	Embryophyta	
GO:0001514	selenocysteine incorporation	NCBITaxon:451864	Dikarya	
GO:0001514	selenocysteine incorporation	NCBITaxon:3193	Embryophyta	
GO:0106036	assembly of apicomedial cortex actomyosin	NCBITaxon:4896	Schizosaccharomyces pombe	
GO:0106036	assembly of apicomedial cortex actomyosin	NCBITaxon:4932	Saccharomyces cerevisiae	
GO:0106036	assembly of apicomedial cortex actomyosin	NCBITaxon:2	Bacteria	
GO:0106036	assembly of apicomedial cortex actomyosin	NCBITaxon:2157	Archaea	
GO:0106037	apicomedial cortex	NCBITaxon:4896	Schizosaccharomyces pombe	
GO:0106037	apicomedial cortex	NCBITaxon:4932	Saccharomyces cerevisiae	
GO:0106037	apicomedial cortex	NCBITaxon:2	Bacteria	
GO:0106037	apicomedial cortex	NCBITaxon:2157	Archaea	
GO:0005725	intercalary heterochromatin	NCBITaxon:4751	Fungi	
GO:0017145	stem cell division	NCBITaxon:Union_0000023	Fungi or Bacteria or Archaea	
GO:0038055	BMP secretion	NCBITaxon:Union_0000023	Fungi or Bacteria or Archaea	
GO:0020022	acidocalcisome	NCBITaxon:4890	Ascomycota	
GO:0042246 	tissue regeneration	NCBITaxon:4751	Fungi	
GO:0060250 	germ-line stem-cell niche homeostasis	NCBITaxon:4751	Fungi	
GO:0035658	Mon1-Ccz1 complex	NCBITaxon:4896	Schizosaccharomyces pombe	
GO:0048863	stem cell differentiation	NCBITaxon:4751	Fungi	
GO:0003365	establishment of cell polarity involved in ameboidal cell migration	NCBITaxon:4751	Fungi	
GO:0090398	cellular senescence	NCBITaxon:4751	Fungi	
GO:0000365	mRNA trans splicing, via spliceosome	NCBITaxon:4751	Fungi	
GO:0016477	cell migration	NCBITaxon:4890	Ascomycota	
